-- phpMyAdmin SQL Dump
-- version 5.2.1
-- https://www.phpmyadmin.net/
--
-- Host: db:3306
-- Generation Time: Dec 26, 2024 at 10:39 PM
-- Server version: 8.4.0
-- PHP Version: 8.2.8

SET SQL_MODE = "NO_AUTO_VALUE_ON_ZERO";
START TRANSACTION;
SET time_zone = "+00:00";


/*!40101 SET @OLD_CHARACTER_SET_CLIENT=@@CHARACTER_SET_CLIENT */;
/*!40101 SET @OLD_CHARACTER_SET_RESULTS=@@CHARACTER_SET_RESULTS */;
/*!40101 SET @OLD_COLLATION_CONNECTION=@@COLLATION_CONNECTION */;
/*!40101 SET NAMES utf8mb4 */;

--
-- Database: `UV_DB`
--

-- --------------------------------------------------------

--
-- Table structure for table `acordes_linea`
--

CREATE TABLE `acordes_linea` (
  `id_acordes_linea` int NOT NULL,
  `id_lineas_canciones` int NOT NULL,
  `ubicacion` int NOT NULL,
  `grado` int NOT NULL,
  `id_triadas` int DEFAULT NULL,
  `id_extensiones` int DEFAULT NULL
) ENGINE=InnoDB DEFAULT CHARSET=utf8mb4 COLLATE=utf8mb4_0900_ai_ci;

--
-- Dumping data for table `acordes_linea`
--

INSERT INTO `acordes_linea` (`id_acordes_linea`, `id_lineas_canciones`, `ubicacion`, `grado`, `id_triadas`, `id_extensiones`) VALUES
(1, 5, 1, 10, 1, NULL),
(2, 5, 18, 6, NULL, NULL),
(3, 6, 1, 10, 1, NULL),
(4, 6, 20, 6, NULL, NULL),
(5, 7, 1, 10, 1, NULL),
(6, 7, 10, 6, NULL, NULL),
(7, 8, 8, 1, NULL, NULL),
(8, 8, 15, 8, NULL, NULL),
(9, 9, 1, 1, NULL, NULL),
(10, 10, 4, 10, 1, NULL),
(11, 11, 6, 6, NULL, NULL),
(12, 11, 17, 1, NULL, NULL);

-- --------------------------------------------------------

--
-- Table structure for table `canciones`
--

CREATE TABLE `canciones` (
  `id_canciones` int NOT NULL,
  `nombre` varchar(100) NOT NULL,
  `tonalidad_sugerida` char(1) NOT NULL
) ENGINE=InnoDB DEFAULT CHARSET=utf8mb4 COLLATE=utf8mb4_0900_ai_ci;

--
-- Dumping data for table `canciones`
--

INSERT INTO `canciones` (`id_canciones`, `nombre`, `tonalidad_sugerida`) VALUES
(1, 'Tu nombre levantaré', ''),
(3, 'El es el Rey', 'G'),
(4, 'La sangre de Jesús', 'C');

-- --------------------------------------------------------

--
-- Table structure for table `estructura_canciones`
--

CREATE TABLE `estructura_canciones` (
  `id_estructura_canciones` int NOT NULL,
  `id_canciones` int NOT NULL,
  `id_tipo_linea` int NOT NULL,
  `tipo_linea_numero` int NOT NULL,
  `posicion_estructura` int NOT NULL
) ENGINE=InnoDB DEFAULT CHARSET=utf8mb4 COLLATE=utf8mb4_0900_ai_ci;

--
-- Dumping data for table `estructura_canciones`
--

INSERT INTO `estructura_canciones` (`id_estructura_canciones`, `id_canciones`, `id_tipo_linea`, `tipo_linea_numero`, `posicion_estructura`) VALUES
(1, 1, 1, 1, 1),
(3, 1, 2, 1, 3),
(4, 4, 1, 1, 1),
(5, 4, 1, 2, 2),
(6, 4, 1, 3, 3),
(7, 4, 1, 4, 4),
(8, 4, 2, 2, 5),
(9, 4, 1, 5, 6),
(10, 4, 1, 6, 7),
(11, 4, 2, 2, 8),
(12, 4, 3, 1, 12),
(13, 4, 2, 3, 13),
(14, 4, 3, 2, 14);

-- --------------------------------------------------------

--
-- Table structure for table `extensiones`
--

CREATE TABLE `extensiones` (
  `id_extensiones` int NOT NULL,
  `extensiones` char(5) CHARACTER SET utf8mb4 COLLATE utf8mb4_0900_ai_ci NOT NULL,
  `nombre` varchar(30) CHARACTER SET utf8mb4 COLLATE utf8mb4_0900_ai_ci NOT NULL
) ENGINE=InnoDB DEFAULT CHARSET=utf8mb4 COLLATE=utf8mb4_0900_ai_ci;

--
-- Dumping data for table `extensiones`
--

INSERT INTO `extensiones` (`id_extensiones`, `extensiones`, `nombre`) VALUES
(1, 'maj7', 'Septima mayor'),
(2, '7', 'Septima menor'),
(3, '9', 'Novena'),
(4, 'add9', 'Novena añadida'),
(5, '11', 'Onceaba');

-- --------------------------------------------------------

--
-- Table structure for table `lineas_canciones`
--

CREATE TABLE `lineas_canciones` (
  `id_lineas_canciones` int NOT NULL,
  `id_canciones` int NOT NULL,
  `linea_numero` int NOT NULL,
  `texto` varchar(100) NOT NULL,
  `id_estructura_canciones` int NOT NULL
) ENGINE=InnoDB DEFAULT CHARSET=utf8mb4 COLLATE=utf8mb4_0900_ai_ci;

--
-- Dumping data for table `lineas_canciones`
--

INSERT INTO `lineas_canciones` (`id_lineas_canciones`, `id_canciones`, `linea_numero`, `texto`, `id_estructura_canciones`) VALUES
(1, 1, 1, 'Tu nombre levantare', 1),
(2, 1, 2, 'Me deleito en adorarte', 1),
(3, 1, 3, 'Te agradezco que en mi vida estés', 1),
(5, 3, 1, 'El es el rey infinito en poder', 1),
(6, 3, 2, 'El es el rey de los cielos', 1),
(7, 3, 3, 'Seré para él siervo fiel', 1),
(8, 3, 4, 'Pues mi vida compró con su amor', 1),
(9, 4, 1, 'Un pecador', 4),
(10, 4, 2, 'Ese es quien era yo', 4),
(11, 4, 3, 'Miserable y perdido', 4),
(12, 4, 4, 'Sin ninguna dirección', 4),
(13, 4, 1, 'Un gran abismo', 5),
(14, 4, 2, 'Nos quería separar', 5),
(15, 4, 3, 'Pero cruzaste la distancia', 5),
(16, 4, 4, 'Me viniste a rescatar', 5),
(17, 4, 5, 'Ya no hay división', 6),
(18, 4, 6, 'Un camino se abrió', 6),
(19, 4, 7, 'Tu trono Dejaste', 6),
(20, 4, 8, 'Por vivir en mi interior', 6),
(21, 4, 1, 'Allí en la cruz', 7),
(22, 4, 2, 'Cargaste mi dolor', 7),
(23, 4, 3, 'Mi deuda Tú pagaste', 7),
(24, 4, 4, 'Y me diste salvación', 7),
(25, 4, 1, 'Te doy gracias por morir por mí', 8),
(26, 4, 2, 'Te doy gracias nuevo soy en Ti', 8),
(27, 4, 3, 'Te doy gracias tengo libertad', 8),
(28, 4, 4, 'Tu sangre derramada el perdón me da', 8),
(29, 4, 1, 'En mi lugar', 9),
(30, 4, 2, 'Tu cuerpo herido fue', 9),
(31, 4, 3, 'A la muerte derrotaste', 9),
(32, 4, 4, 'Te levantaste con poder', 9),
(33, 4, 1, 'Ya no hay aguijón', 10),
(34, 4, 2, 'La vida triunfó', 10),
(35, 4, 3, 'Y la sangre del cordero', 10),
(36, 4, 4, 'Transformó mi corazón', 10),
(37, 4, 1, 'Te doy gracias por morir por mí', 11),
(38, 4, 2, 'Te doy gracias nuevo soy en Ti', 11),
(39, 4, 3, 'Te doy gracias tengo libertad', 11),
(40, 4, 4, 'Tu sangre derramada el perdón me da', 11),
(41, 4, 1, 'Nada se compara', 12),
(42, 4, 2, 'Al poder que hay en la sangre de Jesús, Jesús', 12),
(43, 4, 3, 'Ahora somos hijos', 12),
(44, 4, 4, 'Redimidos por la sangre de Jesús, Jesús', 12),
(45, 4, 1, 'Te doy gracias por morir por mí', 13),
(46, 4, 2, 'Te doy gracias nuevo soy en Ti', 13),
(47, 4, 3, 'Te doy gracias tengo libertad', 13),
(48, 4, 4, 'Tu sangre derramada el perdón me da', 13),
(49, 4, 1, 'A Su nombre gloria', 14),
(50, 4, 2, 'A Su nombre gloria', 14),
(51, 4, 3, 'Ya mis maldades Él perdonó', 14),
(52, 4, 4, 'A Su nombre gloria', 14);

-- --------------------------------------------------------

--
-- Table structure for table `tipos_linea`
--

CREATE TABLE `tipos_linea` (
  `id` int NOT NULL,
  `descripcion` varchar(50) NOT NULL
) ENGINE=InnoDB DEFAULT CHARSET=utf8mb4 COLLATE=utf8mb4_0900_ai_ci;

--
-- Dumping data for table `tipos_linea`
--

INSERT INTO `tipos_linea` (`id`, `descripcion`) VALUES
(1, 'ESTROFA'),
(2, 'CORO'),
(3, 'PUENTE');

-- --------------------------------------------------------

--
-- Table structure for table `tonalidades`
--

CREATE TABLE `tonalidades` (
  `grado` int NOT NULL,
  `codigo` char(2) CHARACTER SET utf8mb4 COLLATE utf8mb4_0900_ai_ci NOT NULL
) ENGINE=InnoDB DEFAULT CHARSET=utf8mb4 COLLATE=utf8mb4_0900_ai_ci;

--
-- Dumping data for table `tonalidades`
--

INSERT INTO `tonalidades` (`grado`, `codigo`) VALUES
(1, 'A'),
(2, 'A#'),
(3, 'B'),
(4, 'C'),
(5, 'C#'),
(6, 'D'),
(7, 'D#'),
(8, 'E'),
(9, 'F'),
(10, 'F#'),
(11, 'G'),
(12, 'G#'),
(13, 'A'),
(14, 'A#'),
(15, 'B'),
(16, 'C'),
(17, 'C#'),
(18, 'D'),
(19, 'D#'),
(20, 'E'),
(21, 'F'),
(22, 'F#'),
(23, 'G'),
(24, 'G#');

-- --------------------------------------------------------

--
-- Table structure for table `triadas`
--

CREATE TABLE `triadas` (
  `id_triadas` int NOT NULL,
  `triadas` char(5) CHARACTER SET utf8mb4 COLLATE utf8mb4_0900_ai_ci NOT NULL,
  `nombre` varchar(30) CHARACTER SET utf8mb4 COLLATE utf8mb4_0900_ai_ci NOT NULL
) ENGINE=InnoDB DEFAULT CHARSET=utf8mb4 COLLATE=utf8mb4_0900_ai_ci;

--
-- Dumping data for table `triadas`
--

INSERT INTO `triadas` (`id_triadas`, `triadas`, `nombre`) VALUES
(1, 'm', 'Menor'),
(2, 'dis', 'Disminuido'),
(3, 'aum', 'Aumentado'),
(4, 'sus2', 'Sustituida por segunda'),
(5, 'sus4', 'Sustituida por cuarta');

--
-- Indexes for dumped tables
--

--
-- Indexes for table `acordes_linea`
--
ALTER TABLE `acordes_linea`
  ADD PRIMARY KEY (`id_acordes_linea`),
  ADD KEY `id_lineas_canciones` (`id_lineas_canciones`),
  ADD KEY `id_triadas` (`id_triadas`),
  ADD KEY `id_extensiones` (`id_extensiones`);

--
-- Indexes for table `canciones`
--
ALTER TABLE `canciones`
  ADD PRIMARY KEY (`id_canciones`);

--
-- Indexes for table `estructura_canciones`
--
ALTER TABLE `estructura_canciones`
  ADD PRIMARY KEY (`id_estructura_canciones`),
  ADD KEY `id_tipo_linea` (`id_tipo_linea`),
  ADD KEY `id_canciones` (`id_canciones`);

--
-- Indexes for table `extensiones`
--
ALTER TABLE `extensiones`
  ADD PRIMARY KEY (`id_extensiones`);

--
-- Indexes for table `lineas_canciones`
--
ALTER TABLE `lineas_canciones`
  ADD PRIMARY KEY (`id_lineas_canciones`),
  ADD KEY `id_canciones` (`id_canciones`),
  ADD KEY `id_estructura_canciones` (`id_estructura_canciones`);

--
-- Indexes for table `tipos_linea`
--
ALTER TABLE `tipos_linea`
  ADD PRIMARY KEY (`id`);

--
-- Indexes for table `tonalidades`
--
ALTER TABLE `tonalidades`
  ADD PRIMARY KEY (`grado`);

--
-- Indexes for table `triadas`
--
ALTER TABLE `triadas`
  ADD PRIMARY KEY (`id_triadas`);

--
-- AUTO_INCREMENT for dumped tables
--

--
-- AUTO_INCREMENT for table `acordes_linea`
--
ALTER TABLE `acordes_linea`
  MODIFY `id_acordes_linea` int NOT NULL AUTO_INCREMENT, AUTO_INCREMENT=13;

--
-- AUTO_INCREMENT for table `canciones`
--
ALTER TABLE `canciones`
  MODIFY `id_canciones` int NOT NULL AUTO_INCREMENT, AUTO_INCREMENT=5;

--
-- AUTO_INCREMENT for table `estructura_canciones`
--
ALTER TABLE `estructura_canciones`
  MODIFY `id_estructura_canciones` int NOT NULL AUTO_INCREMENT, AUTO_INCREMENT=15;

--
-- AUTO_INCREMENT for table `extensiones`
--
ALTER TABLE `extensiones`
  MODIFY `id_extensiones` int NOT NULL AUTO_INCREMENT, AUTO_INCREMENT=6;

--
-- AUTO_INCREMENT for table `lineas_canciones`
--
ALTER TABLE `lineas_canciones`
  MODIFY `id_lineas_canciones` int NOT NULL AUTO_INCREMENT, AUTO_INCREMENT=53;

--
-- AUTO_INCREMENT for table `tipos_linea`
--
ALTER TABLE `tipos_linea`
  MODIFY `id` int NOT NULL AUTO_INCREMENT, AUTO_INCREMENT=4;

--
-- AUTO_INCREMENT for table `triadas`
--
ALTER TABLE `triadas`
  MODIFY `id_triadas` int NOT NULL AUTO_INCREMENT, AUTO_INCREMENT=6;

--
-- Constraints for dumped tables
--

--
-- Constraints for table `acordes_linea`
--
ALTER TABLE `acordes_linea`
  ADD CONSTRAINT `acordes_linea_ibfk_1` FOREIGN KEY (`id_lineas_canciones`) REFERENCES `lineas_canciones` (`id_lineas_canciones`) ON DELETE CASCADE,
  ADD CONSTRAINT `acordes_linea_ibfk_2` FOREIGN KEY (`id_triadas`) REFERENCES `triadas` (`id_triadas`),
  ADD CONSTRAINT `acordes_linea_ibfk_3` FOREIGN KEY (`id_extensiones`) REFERENCES `extensiones` (`id_extensiones`);

--
-- Constraints for table `estructura_canciones`
--
ALTER TABLE `estructura_canciones`
  ADD CONSTRAINT `estructura_canciones_ibfk_1` FOREIGN KEY (`id_tipo_linea`) REFERENCES `tipos_linea` (`id`),
  ADD CONSTRAINT `estructura_canciones_ibfk_2` FOREIGN KEY (`id_canciones`) REFERENCES `canciones` (`id_canciones`);

--
-- Constraints for table `lineas_canciones`
--
ALTER TABLE `lineas_canciones`
  ADD CONSTRAINT `lineas_canciones_ibfk_1` FOREIGN KEY (`id_canciones`) REFERENCES `canciones` (`id_canciones`) ON DELETE CASCADE,
  ADD CONSTRAINT `lineas_canciones_ibfk_2` FOREIGN KEY (`id_estructura_canciones`) REFERENCES `estructura_canciones` (`id_estructura_canciones`);
COMMIT;

/*!40101 SET CHARACTER_SET_CLIENT=@OLD_CHARACTER_SET_CLIENT */;
/*!40101 SET CHARACTER_SET_RESULTS=@OLD_CHARACTER_SET_RESULTS */;
/*!40101 SET COLLATION_CONNECTION=@OLD_COLLATION_CONNECTION */;
